{"name":"react_dll","content":{"./node_modules/fbjs/lib/invariant.js":{"id":0,"meta":{}},"./node_modules/react/react.js":{"id":1,"meta":{}},"./node_modules/prop-types/index.js":{"id":2,"meta":{}},"./node_modules/fbjs/lib/warning.js":{"id":3,"meta":{}},"./node_modules/react-dom/lib/reactProdInvariant.js":{"id":4,"meta":{}},"./node_modules/object-assign/index.js":{"id":5,"meta":{}},"./node_modules/react-dom/lib/ReactDOMComponentTree.js":{"id":6,"meta":{}},"./node_modules/fbjs/lib/ExecutionEnvironment.js":{"id":7,"meta":{}},"./node_modules/webpack/buildin/global.js":{"id":8,"meta":{}},"./node_modules/react-router/es/index.js":{"id":9,"meta":{"harmonyModule":true},"exports":["MemoryRouter","Prompt","Redirect","Route","Router","StaticRouter","Switch","matchPath","withRouter"]},"./node_modules/core-js/library/modules/_core.js":{"id":10,"meta":{}},"./node_modules/fbjs/lib/emptyFunction.js":{"id":11,"meta":{}},"./node_modules/react-dom/lib/ReactInstrumentation.js":{"id":12,"meta":{}},"./node_modules/react-dom/lib/ReactUpdates.js":{"id":13,"meta":{}},"./node_modules/babel-runtime/helpers/extends.js":{"id":14,"meta":{}},"./node_modules/react/lib/ReactCurrentOwner.js":{"id":15,"meta":{}},"./node_modules/react-dom/lib/SyntheticEvent.js":{"id":16,"meta":{}},"./node_modules/lodash/_root.js":{"id":17,"meta":{}},"./node_modules/lodash/isArray.js":{"id":18,"meta":{}},"./node_modules/core-js/library/modules/_wks.js":{"id":19,"meta":{}},"./node_modules/core-js/library/modules/_global.js":{"id":20,"meta":{}},"./node_modules/react-dom/lib/PooledClass.js":{"id":21,"meta":{}},"./node_modules/warning/browser.js":{"id":22,"meta":{}},"./node_modules/webpack/buildin/module.js":{"id":23,"meta":{}},"./node_modules/lodash/_getNative.js":{"id":24,"meta":{}},"./node_modules/lodash/isObjectLike.js":{"id":25,"meta":{}},"./node_modules/core-js/library/modules/_export.js":{"id":26,"meta":{}},"./node_modules/core-js/library/modules/_has.js":{"id":27,"meta":{}},"./node_modules/core-js/library/modules/_to-iobject.js":{"id":28,"meta":{}},"./node_modules/react/lib/React.js":{"id":30,"meta":{}},"./node_modules/react/lib/ReactElement.js":{"id":31,"meta":{}},"./node_modules/react-dom/lib/DOMProperty.js":{"id":32,"meta":{}},"./node_modules/react-dom/lib/ReactReconciler.js":{"id":33,"meta":{}},"./node_modules/react-dom/lib/DOMLazyTree.js":{"id":34,"meta":{}},"./node_modules/lodash/_baseGetTag.js":{"id":35,"meta":{}},"./node_modules/core-js/library/modules/_hide.js":{"id":36,"meta":{}},"./node_modules/core-js/library/modules/_object-dp.js":{"id":37,"meta":{}},"./node_modules/core-js/library/modules/_an-object.js":{"id":38,"meta":{}},"./node_modules/core-js/library/modules/_is-object.js":{"id":39,"meta":{}},"./node_modules/core-js/library/modules/_descriptors.js":{"id":40,"meta":{}},"./node_modules/core-js/library/modules/_fails.js":{"id":41,"meta":{}},"./node_modules/core-js/library/modules/_object-keys.js":{"id":42,"meta":{}},"./node_modules/react/lib/reactProdInvariant.js":{"id":43,"meta":{}},"./node_modules/react-dom/lib/EventPropagators.js":{"id":44,"meta":{}},"./node_modules/react-dom/lib/EventPluginHub.js":{"id":45,"meta":{}},"./node_modules/react-dom/lib/SyntheticUIEvent.js":{"id":46,"meta":{}},"./node_modules/react-dom/lib/ReactInstanceMap.js":{"id":47,"meta":{}},"./node_modules/invariant/browser.js":{"id":48,"meta":{}},"./node_modules/history/PathUtils.js":{"id":49,"meta":{}},"./node_modules/lodash/_Symbol.js":{"id":50,"meta":{}},"./node_modules/react-pure-render/function.js":{"id":51,"meta":{}},"./node_modules/babel-runtime/helpers/objectWithoutProperties.js":{"id":52,"meta":{}},"./node_modules/core-js/library/modules/_iterators.js":{"id":53,"meta":{}},"./node_modules/fbjs/lib/emptyObject.js":{"id":54,"meta":{}},"./node_modules/react-dom/lib/Transaction.js":{"id":55,"meta":{}},"./node_modules/react-dom/lib/SyntheticMouseEvent.js":{"id":56,"meta":{}},"./node_modules/react-dom/lib/setInnerHTML.js":{"id":57,"meta":{}},"./node_modules/react-dom/lib/escapeTextContentForBrowser.js":{"id":58,"meta":{}},"./node_modules/react-dom/lib/ReactBrowserEventEmitter.js":{"id":59,"meta":{}},"./node_modules/lodash/_nativeCreate.js":{"id":60,"meta":{}},"./node_modules/lodash/_ListCache.js":{"id":61,"meta":{}},"./node_modules/lodash/_assocIndexOf.js":{"id":62,"meta":{}},"./node_modules/lodash/_getMapData.js":{"id":63,"meta":{}},"./node_modules/lodash/identity.js":{"id":64,"meta":{}},"./node_modules/lodash/_toKey.js":{"id":65,"meta":{}},"./node_modules/core-js/library/modules/_property-desc.js":{"id":66,"meta":{}},"./node_modules/core-js/library/modules/_uid.js":{"id":67,"meta":{}},"./node_modules/core-js/library/modules/_object-pie.js":{"id":68,"meta":{}},"./node_modules/babel-runtime/core-js/object/keys.js":{"id":69,"meta":{}},"./node_modules/react-dom/lib/EventPluginRegistry.js":{"id":70,"meta":{}},"./node_modules/react-dom/lib/EventPluginUtils.js":{"id":71,"meta":{}},"./node_modules/react-dom/lib/ReactErrorUtils.js":{"id":72,"meta":{}},"./node_modules/react-dom/lib/getEventTarget.js":{"id":73,"meta":{}},"./node_modules/react-dom/lib/isEventSupported.js":{"id":74,"meta":{}},"./node_modules/react-dom/lib/getEventModifierState.js":{"id":75,"meta":{}},"./node_modules/react-dom/lib/DOMChildrenOperations.js":{"id":76,"meta":{}},"./node_modules/react-dom/lib/DOMNamespaces.js":{"id":77,"meta":{}},"./node_modules/react-dom/lib/createMicrosoftUnsafeLocalFunction.js":{"id":78,"meta":{}},"./node_modules/react-dom/lib/LinkedValueUtils.js":{"id":79,"meta":{}},"./node_modules/react-dom/lib/ReactComponentEnvironment.js":{"id":80,"meta":{}},"./node_modules/fbjs/lib/shallowEqual.js":{"id":81,"meta":{}},"./node_modules/react-dom/lib/shouldUpdateReactComponent.js":{"id":82,"meta":{}},"./node_modules/react-dom/lib/KeyEscapeUtils.js":{"id":83,"meta":{}},"./node_modules/react-dom/lib/ReactUpdateQueue.js":{"id":84,"meta":{}},"./node_modules/react-dom/lib/validateDOMNesting.js":{"id":85,"meta":{}},"./node_modules/react-dom/lib/getEventCharCode.js":{"id":86,"meta":{}},"./node_modules/history/LocationUtils.js":{"id":87,"meta":{}},"./node_modules/history/createTransitionManager.js":{"id":88,"meta":{}},"./node_modules/react-router/es/Router.js":{"id":89,"meta":{"harmonyModule":true},"exports":["default"]},"./node_modules/react-router/es/matchPath.js":{"id":90,"meta":{"harmonyModule":true},"exports":["default"]},"./node_modules/react-redux/es/utils/warning.js":{"id":91,"meta":{"harmonyModule":true},"exports":["default"]},"./node_modules/lodash-es/isPlainObject.js":{"id":92,"meta":{"harmonyModule":true},"exports":["default"]},"./node_modules/redux-devtools/lib/index.js":{"id":93,"meta":{}},"./node_modules/lodash/_SetCache.js":{"id":94,"meta":{}},"./node_modules/lodash/_MapCache.js":{"id":95,"meta":{}},"./node_modules/lodash/isObject.js":{"id":96,"meta":{}},"./node_modules/lodash/_Map.js":{"id":97,"meta":{}},"./node_modules/lodash/_cacheHas.js":{"id":98,"meta":{}},"./node_modules/lodash/isArguments.js":{"id":99,"meta":{}},"./node_modules/lodash/isLength.js":{"id":100,"meta":{}},"./node_modules/lodash/_setToArray.js":{"id":101,"meta":{}},"./node_modules/lodash/keys.js":{"id":102,"meta":{}},"./node_modules/lodash/_isKey.js":{"id":103,"meta":{}},"./node_modules/lodash/isSymbol.js":{"id":104,"meta":{}},"./node_modules/babel-runtime/helpers/classCallCheck.js":{"id":105,"meta":{}},"./node_modules/babel-runtime/helpers/possibleConstructorReturn.js":{"id":106,"meta":{}},"./node_modules/babel-runtime/helpers/typeof.js":{"id":107,"meta":{}},"./node_modules/core-js/library/modules/es6.string.iterator.js":{"id":108,"meta":{}},"./node_modules/core-js/library/modules/_to-integer.js":{"id":109,"meta":{}},"./node_modules/core-js/library/modules/_defined.js":{"id":110,"meta":{}},"./node_modules/core-js/library/modules/_library.js":{"id":111,"meta":{}},"./node_modules/core-js/library/modules/_to-primitive.js":{"id":112,"meta":{}},"./node_modules/core-js/library/modules/_object-create.js":{"id":113,"meta":{}},"./node_modules/core-js/library/modules/_cof.js":{"id":114,"meta":{}},"./node_modules/core-js/library/modules/_shared-key.js":{"id":115,"meta":{}},"./node_modules/core-js/library/modules/_shared.js":{"id":116,"meta":{}},"./node_modules/core-js/library/modules/_enum-bug-keys.js":{"id":117,"meta":{}},"./node_modules/core-js/library/modules/_set-to-string-tag.js":{"id":118,"meta":{}},"./node_modules/core-js/library/modules/_to-object.js":{"id":119,"meta":{}},"./node_modules/core-js/library/modules/web.dom.iterable.js":{"id":120,"meta":{}},"./node_modules/core-js/library/modules/_wks-ext.js":{"id":121,"meta":{}},"./node_modules/core-js/library/modules/_wks-define.js":{"id":122,"meta":{}},"./node_modules/core-js/library/modules/_object-gops.js":{"id":123,"meta":{}},"./node_modules/babel-runtime/helpers/inherits.js":{"id":124,"meta":{}},"./node_modules/react-json-tree/lib/JSONNestedNode.js":{"id":125,"meta":{}},"./node_modules/babel-runtime/core-js/get-iterator.js":{"id":126,"meta":{}},"./node_modules/pure-color/util/clamp.js":{"id":127,"meta":{}},"./node_modules/react/lib/ReactBaseClasses.js":{"id":129,"meta":{}},"./node_modules/react/lib/ReactNoopUpdateQueue.js":{"id":130,"meta":{}},"./node_modules/react/lib/canDefineProperty.js":{"id":131,"meta":{}},"./node_modules/react/lib/ReactElementSymbol.js":{"id":132,"meta":{}},"./node_modules/prop-types/factory.js":{"id":133,"meta":{}},"./node_modules/prop-types/lib/ReactPropTypesSecret.js":{"id":134,"meta":{}},"./node_modules/react-dom/index.js":{"id":135,"meta":{}},"./node_modules/react-dom/lib/ReactDOMComponentFlags.js":{"id":136,"meta":{}},"./node_modules/react-dom/lib/accumulateInto.js":{"id":137,"meta":{}},"./node_modules/react-dom/lib/forEachAccumulated.js":{"id":138,"meta":{}},"./node_modules/react-dom/lib/getTextContentAccessor.js":{"id":139,"meta":{}},"./node_modules/react-dom/lib/CallbackQueue.js":{"id":140,"meta":{}},"./node_modules/react-dom/lib/ReactFeatureFlags.js":{"id":141,"meta":{}},"./node_modules/react-dom/lib/inputValueTracking.js":{"id":142,"meta":{}},"./node_modules/react-dom/lib/isTextInputElement.js":{"id":143,"meta":{}},"./node_modules/react-dom/lib/ViewportMetrics.js":{"id":144,"meta":{}},"./node_modules/react-dom/lib/setTextContent.js":{"id":145,"meta":{}},"./node_modules/fbjs/lib/focusNode.js":{"id":146,"meta":{}},"./node_modules/react-dom/lib/CSSProperty.js":{"id":147,"meta":{}},"./node_modules/react-dom/lib/DOMPropertyOperations.js":{"id":148,"meta":{}},"./node_modules/react-dom/lib/ReactDOMSelect.js":{"id":149,"meta":{}},"./node_modules/process/browser.js":{"id":150,"meta":{}},"./node_modules/react-dom/lib/instantiateReactComponent.js":{"id":151,"meta":{}},"./node_modules/react-dom/lib/ReactNodeTypes.js":{"id":152,"meta":{}},"./node_modules/react-dom/lib/ReactEmptyComponent.js":{"id":153,"meta":{}},"./node_modules/react-dom/lib/ReactHostComponent.js":{"id":154,"meta":{}},"./node_modules/react-dom/lib/traverseAllChildren.js":{"id":155,"meta":{}},"./node_modules/react/lib/ReactComponentTreeHook.js":{"id":156,"meta":{}},"./node_modules/fbjs/lib/EventListener.js":{"id":157,"meta":{}},"./node_modules/react-dom/lib/ReactInputSelection.js":{"id":158,"meta":{}},"./node_modules/fbjs/lib/getActiveElement.js":{"id":159,"meta":{}},"./node_modules/react-dom/lib/ReactMount.js":{"id":160,"meta":{}},"./node_modules/react-dom/lib/getHostComponentFromComposite.js":{"id":161,"meta":{}},"./node_modules/lodash.isarguments/index.js":{"id":162,"meta":{}},"./node_modules/history/DOMUtils.js":{"id":163,"meta":{}},"./node_modules/react-router/es/Route.js":{"id":164,"meta":{"harmonyModule":true},"exports":["default"]},"./node_modules/hoist-non-react-statics/index.js":{"id":165,"meta":{}},"./node_modules/react-router-dom/es/Link.js":{"id":166,"meta":{"harmonyModule":true},"exports":["default"]},"./node_modules/react-redux/es/index.js":{"id":167,"meta":{"harmonyModule":true},"exports":["Provider","createProvider","connectAdvanced","connect"]},"./node_modules/react-redux/es/utils/PropTypes.js":{"id":168,"meta":{"harmonyModule":true},"exports":["subscriptionShape","storeShape"]},"./node_modules/react-redux/es/components/connectAdvanced.js":{"id":169,"meta":{"harmonyModule":true},"exports":["default"]},"./node_modules/redux/es/index.js":{"id":170,"meta":{"harmonyModule":true},"exports":["createStore","combineReducers","bindActionCreators","applyMiddleware","compose"]},"./node_modules/redux/es/createStore.js":{"id":171,"meta":{"harmonyModule":true},"exports":["ActionTypes","default"]},"./node_modules/lodash-es/_Symbol.js":{"id":172,"meta":{"harmonyModule":true},"exports":["default"]},"./node_modules/symbol-observable/index.js":{"id":173,"meta":{}},"./node_modules/redux/es/utils/warning.js":{"id":174,"meta":{"harmonyModule":true},"exports":["default"]},"./node_modules/redux/es/compose.js":{"id":175,"meta":{"harmonyModule":true},"exports":["default"]},"./node_modules/react-redux/es/connect/wrapMapToProps.js":{"id":176,"meta":{"harmonyModule":true},"exports":["wrapMapToPropsConstant","getDependsOnOwnProps","wrapMapToPropsFunc"]},"./node_modules/react-redux/es/utils/verifyPlainObject.js":{"id":177,"meta":{"harmonyModule":true},"exports":["default"]},"./node_modules/react-router-redux/es/reducer.js":{"id":178,"meta":{"harmonyModule":true},"exports":["LOCATION_CHANGE","routerReducer"]},"./node_modules/react-router-redux/es/actions.js":{"id":179,"meta":{"harmonyModule":true},"exports":["CALL_HISTORY_METHOD","push","replace","go","goBack","goForward","routerActions"]},"./node_modules/react-hot-loader/lib/AppContainer.js":{"id":180,"meta":{}},"./node_modules/redux-devtools-instrument/lib/instrument.js":{"id":181,"meta":{}},"./node_modules/lodash/isFunction.js":{"id":182,"meta":{}},"./node_modules/lodash/_freeGlobal.js":{"id":183,"meta":{}},"./node_modules/lodash/_toSource.js":{"id":184,"meta":{}},"./node_modules/lodash/eq.js":{"id":185,"meta":{}},"./node_modules/lodash/_arrayIncludes.js":{"id":186,"meta":{}},"./node_modules/lodash/_arrayIncludesWith.js":{"id":187,"meta":{}},"./node_modules/lodash/_arrayMap.js":{"id":188,"meta":{}},"./node_modules/lodash/_baseUnary.js":{"id":189,"meta":{}},"./node_modules/lodash/_baseFlatten.js":{"id":190,"meta":{}},"./node_modules/lodash/_arrayPush.js":{"id":191,"meta":{}},"./node_modules/lodash/_baseRest.js":{"id":192,"meta":{}},"./node_modules/lodash/_defineProperty.js":{"id":193,"meta":{}},"./node_modules/lodash/isArrayLikeObject.js":{"id":194,"meta":{}},"./node_modules/lodash/isArrayLike.js":{"id":195,"meta":{}},"./node_modules/lodash/_Set.js":{"id":196,"meta":{}},"./node_modules/lodash/_overArg.js":{"id":197,"meta":{}},"./node_modules/lodash/isBuffer.js":{"id":198,"meta":{}},"./node_modules/lodash/_isIndex.js":{"id":199,"meta":{}},"./node_modules/lodash/isTypedArray.js":{"id":200,"meta":{}},"./node_modules/lodash/_Stack.js":{"id":201,"meta":{}},"./node_modules/lodash/_baseIsEqual.js":{"id":202,"meta":{}},"./node_modules/lodash/_equalArrays.js":{"id":203,"meta":{}},"./node_modules/lodash/_isStrictComparable.js":{"id":204,"meta":{}},"./node_modules/lodash/_matchesStrictComparable.js":{"id":205,"meta":{}},"./node_modules/lodash/_baseGet.js":{"id":206,"meta":{}},"./node_modules/lodash/_castPath.js":{"id":207,"meta":{}},"./node_modules/redux-devtools-dock-monitor/lib/constants.js":{"id":208,"meta":{}},"./node_modules/redux-devtools-dock-monitor/lib/actions.js":{"id":209,"meta":{}},"./node_modules/base16/lib/index.js":{"id":210,"meta":{}},"./node_modules/redux-devtools-log-monitor/lib/actions.js":{"id":211,"meta":{}},"./node_modules/react-json-tree/lib/index.js":{"id":212,"meta":{}},"./node_modules/babel-runtime/core-js/symbol/iterator.js":{"id":213,"meta":{}},"./node_modules/core-js/library/modules/_iter-define.js":{"id":214,"meta":{}},"./node_modules/core-js/library/modules/_ctx.js":{"id":215,"meta":{}},"./node_modules/core-js/library/modules/_ie8-dom-define.js":{"id":216,"meta":{}},"./node_modules/core-js/library/modules/_dom-create.js":{"id":217,"meta":{}},"./node_modules/core-js/library/modules/_redefine.js":{"id":218,"meta":{}},"./node_modules/core-js/library/modules/_object-keys-internal.js":{"id":219,"meta":{}},"./node_modules/core-js/library/modules/_iobject.js":{"id":220,"meta":{}},"./node_modules/core-js/library/modules/_object-gopn-ext.js":{"id":221,"meta":{}},"./node_modules/core-js/library/modules/_object-gopn.js":{"id":222,"meta":{}},"./node_modules/core-js/library/modules/_object-gopd.js":{"id":223,"meta":{}},"./node_modules/core-js/library/modules/_object-sap.js":{"id":224,"meta":{}},"./node_modules/react-json-tree/lib/JSONNode.js":{"id":225,"meta":{}},"./node_modules/babel-runtime/core-js/object/get-own-property-names.js":{"id":226,"meta":{}},"./node_modules/react-json-tree/lib/JSONArrow.js":{"id":227,"meta":{}},"./node_modules/core-js/library/modules/_classof.js":{"id":228,"meta":{}},"./node_modules/react-base16-styling/lib/index.js":{"id":229,"meta":{}},"./node_modules/pure-color/parse/extractComponents.js":{"id":230,"meta":{}},"./node_modules/react/lib/lowPriorityWarning.js":{"id":232,"meta":{}},"./node_modules/react/lib/ReactChildren.js":{"id":233,"meta":{}},"./node_modules/react/lib/PooledClass.js":{"id":234,"meta":{}},"./node_modules/react/lib/traverseAllChildren.js":{"id":235,"meta":{}},"./node_modules/react/lib/getIteratorFn.js":{"id":236,"meta":{}},"./node_modules/react/lib/KeyEscapeUtils.js":{"id":237,"meta":{}},"./node_modules/react/lib/ReactDOMFactories.js":{"id":238,"meta":{}},"./node_modules/react/lib/ReactPropTypes.js":{"id":239,"meta":{}},"./node_modules/prop-types/factoryWithTypeCheckers.js":{"id":240,"meta":{}},"./node_modules/prop-types/checkPropTypes.js":{"id":241,"meta":{}},"./node_modules/react/lib/ReactVersion.js":{"id":242,"meta":{}},"./node_modules/react/lib/createClass.js":{"id":243,"meta":{}},"./node_modules/create-react-class/factory.js":{"id":244,"meta":{}},"./node_modules/react/lib/onlyChild.js":{"id":245,"meta":{}},"./node_modules/react-dom/lib/ReactDOM.js":{"id":246,"meta":{}},"./node_modules/react-dom/lib/ReactDefaultInjection.js":{"id":247,"meta":{}},"./node_modules/react-dom/lib/ARIADOMPropertyConfig.js":{"id":248,"meta":{}},"./node_modules/react-dom/lib/BeforeInputEventPlugin.js":{"id":249,"meta":{}},"./node_modules/react-dom/lib/FallbackCompositionState.js":{"id":250,"meta":{}},"./node_modules/react-dom/lib/SyntheticCompositionEvent.js":{"id":251,"meta":{}},"./node_modules/react-dom/lib/SyntheticInputEvent.js":{"id":252,"meta":{}},"./node_modules/react-dom/lib/ChangeEventPlugin.js":{"id":253,"meta":{}},"./node_modules/react-dom/lib/ReactRef.js":{"id":254,"meta":{}},"./node_modules/react-dom/lib/ReactOwner.js":{"id":255,"meta":{}},"./node_modules/react-dom/lib/DefaultEventPluginOrder.js":{"id":256,"meta":{}},"./node_modules/react-dom/lib/EnterLeaveEventPlugin.js":{"id":257,"meta":{}},"./node_modules/react-dom/lib/HTMLDOMPropertyConfig.js":{"id":258,"meta":{}},"./node_modules/react-dom/lib/ReactComponentBrowserEnvironment.js":{"id":259,"meta":{}},"./node_modules/react-dom/lib/Danger.js":{"id":260,"meta":{}},"./node_modules/fbjs/lib/createNodesFromMarkup.js":{"id":261,"meta":{}},"./node_modules/fbjs/lib/createArrayFromMixed.js":{"id":262,"meta":{}},"./node_modules/fbjs/lib/getMarkupWrap.js":{"id":263,"meta":{}},"./node_modules/react-dom/lib/ReactDOMIDOperations.js":{"id":264,"meta":{}},"./node_modules/react-dom/lib/ReactDOMComponent.js":{"id":265,"meta":{}},"./node_modules/react-dom/lib/AutoFocusUtils.js":{"id":266,"meta":{}},"./node_modules/react-dom/lib/CSSPropertyOperations.js":{"id":267,"meta":{}},"./node_modules/fbjs/lib/camelizeStyleName.js":{"id":268,"meta":{}},"./node_modules/fbjs/lib/camelize.js":{"id":269,"meta":{}},"./node_modules/react-dom/lib/dangerousStyleValue.js":{"id":270,"meta":{}},"./node_modules/fbjs/lib/hyphenateStyleName.js":{"id":271,"meta":{}},"./node_modules/fbjs/lib/hyphenate.js":{"id":272,"meta":{}},"./node_modules/fbjs/lib/memoizeStringOnly.js":{"id":273,"meta":{}},"./node_modules/react-dom/lib/quoteAttributeValueForBrowser.js":{"id":274,"meta":{}},"./node_modules/react-dom/lib/ReactEventEmitterMixin.js":{"id":275,"meta":{}},"./node_modules/react-dom/lib/getVendorPrefixedEventName.js":{"id":276,"meta":{}},"./node_modules/react-dom/lib/ReactDOMInput.js":{"id":277,"meta":{}},"./node_modules/react-dom/lib/ReactPropTypesSecret.js":{"id":278,"meta":{}},"./node_modules/react-dom/lib/ReactDOMOption.js":{"id":279,"meta":{}},"./node_modules/react-dom/lib/ReactDOMTextarea.js":{"id":280,"meta":{}},"./node_modules/react-dom/lib/ReactMultiChild.js":{"id":281,"meta":{}},"./node_modules/react-dom/lib/ReactChildReconciler.js":{"id":282,"meta":{}},"./node_modules/react-dom/lib/ReactCompositeComponent.js":{"id":283,"meta":{}},"./node_modules/react/lib/getNextDebugID.js":{"id":284,"meta":{}},"./node_modules/react-dom/lib/ReactElementSymbol.js":{"id":285,"meta":{}},"./node_modules/react-dom/lib/getIteratorFn.js":{"id":286,"meta":{}},"./node_modules/react-dom/lib/flattenChildren.js":{"id":287,"meta":{}},"./node_modules/react-dom/lib/ReactServerRenderingTransaction.js":{"id":288,"meta":{}},"./node_modules/react-dom/lib/ReactServerUpdateQueue.js":{"id":289,"meta":{}},"./node_modules/react-dom/lib/ReactDOMEmptyComponent.js":{"id":290,"meta":{}},"./node_modules/react-dom/lib/ReactDOMTreeTraversal.js":{"id":291,"meta":{}},"./node_modules/react-dom/lib/ReactDOMTextComponent.js":{"id":292,"meta":{}},"./node_modules/react-dom/lib/ReactDefaultBatchingStrategy.js":{"id":293,"meta":{}},"./node_modules/react-dom/lib/ReactEventListener.js":{"id":294,"meta":{}},"./node_modules/fbjs/lib/getUnboundedScrollPosition.js":{"id":295,"meta":{}},"./node_modules/react-dom/lib/ReactInjection.js":{"id":296,"meta":{}},"./node_modules/react-dom/lib/ReactReconcileTransaction.js":{"id":297,"meta":{}},"./node_modules/react-dom/lib/ReactDOMSelection.js":{"id":298,"meta":{}},"./node_modules/react-dom/lib/getNodeForCharacterOffset.js":{"id":299,"meta":{}},"./node_modules/fbjs/lib/containsNode.js":{"id":300,"meta":{}},"./node_modules/fbjs/lib/isTextNode.js":{"id":301,"meta":{}},"./node_modules/fbjs/lib/isNode.js":{"id":302,"meta":{}},"./node_modules/react-dom/lib/SVGDOMPropertyConfig.js":{"id":303,"meta":{}},"./node_modules/react-dom/lib/SelectEventPlugin.js":{"id":304,"meta":{}},"./node_modules/react-dom/lib/SimpleEventPlugin.js":{"id":305,"meta":{}},"./node_modules/react-dom/lib/SyntheticAnimationEvent.js":{"id":306,"meta":{}},"./node_modules/react-dom/lib/SyntheticClipboardEvent.js":{"id":307,"meta":{}},"./node_modules/react-dom/lib/SyntheticFocusEvent.js":{"id":308,"meta":{}},"./node_modules/react-dom/lib/SyntheticKeyboardEvent.js":{"id":309,"meta":{}},"./node_modules/react-dom/lib/getEventKey.js":{"id":310,"meta":{}},"./node_modules/react-dom/lib/SyntheticDragEvent.js":{"id":311,"meta":{}},"./node_modules/react-dom/lib/SyntheticTouchEvent.js":{"id":312,"meta":{}},"./node_modules/react-dom/lib/SyntheticTransitionEvent.js":{"id":313,"meta":{}},"./node_modules/react-dom/lib/SyntheticWheelEvent.js":{"id":314,"meta":{}},"./node_modules/react-dom/lib/ReactDOMContainerInfo.js":{"id":315,"meta":{}},"./node_modules/react-dom/lib/ReactDOMFeatureFlags.js":{"id":316,"meta":{}},"./node_modules/react-dom/lib/ReactMarkupChecksum.js":{"id":317,"meta":{}},"./node_modules/react-dom/lib/adler32.js":{"id":318,"meta":{}},"./node_modules/react-dom/lib/ReactVersion.js":{"id":319,"meta":{}},"./node_modules/react-dom/lib/findDOMNode.js":{"id":320,"meta":{}},"./node_modules/react-dom/lib/renderSubtreeIntoContainer.js":{"id":321,"meta":{}},"./node_modules/redux-logger/dist/redux-logger.js":{"id":322,"meta":{}},"./node_modules/redux-promise/lib/index.js":{"id":323,"meta":{}},"./node_modules/flux-standard-action/lib/index.js":{"id":324,"meta":{}},"./node_modules/lodash.isplainobject/index.js":{"id":325,"meta":{}},"./node_modules/lodash._basefor/index.js":{"id":326,"meta":{}},"./node_modules/lodash.keysin/index.js":{"id":327,"meta":{}},"./node_modules/lodash.isarray/index.js":{"id":328,"meta":{}},"./node_modules/redux-thunk/lib/index.js":{"id":329,"meta":{}},"./node_modules/react-router-dom/es/index.js":{"id":330,"meta":{"harmonyModule":true},"exports":["BrowserRouter","HashRouter","Link","MemoryRouter","NavLink","Prompt","Redirect","Route","Router","StaticRouter","Switch","matchPath","withRouter"]},"./node_modules/react-router-dom/es/BrowserRouter.js":{"id":331,"meta":{"harmonyModule":true},"exports":["default"]},"./node_modules/prop-types/factoryWithThrowingShims.js":{"id":332,"meta":{}},"./node_modules/history/createBrowserHistory.js":{"id":333,"meta":{}},"./node_modules/resolve-pathname/index.js":{"id":334,"meta":{}},"./node_modules/value-equal/index.js":{"id":335,"meta":{}},"./node_modules/react-router/es/MemoryRouter.js":{"id":336,"meta":{"harmonyModule":true},"exports":["default"]},"./node_modules/history/createMemoryHistory.js":{"id":337,"meta":{}},"./node_modules/react-router/es/Prompt.js":{"id":338,"meta":{"harmonyModule":true},"exports":["default"]},"./node_modules/react-router/es/Redirect.js":{"id":339,"meta":{"harmonyModule":true},"exports":["default"]},"./node_modules/react-router/node_modules/path-to-regexp/index.js":{"id":340,"meta":{}},"./node_modules/react-router/node_modules/isarray/index.js":{"id":341,"meta":{}},"./node_modules/react-router/es/StaticRouter.js":{"id":342,"meta":{"harmonyModule":true},"exports":["default"]},"./node_modules/react-router/es/Switch.js":{"id":343,"meta":{"harmonyModule":true},"exports":["default"]},"./node_modules/react-router/es/withRouter.js":{"id":344,"meta":{"harmonyModule":true},"exports":["default"]},"./node_modules/react-router-dom/es/HashRouter.js":{"id":345,"meta":{"harmonyModule":true},"exports":["default"]},"./node_modules/history/createHashHistory.js":{"id":346,"meta":{}},"./node_modules/react-router-dom/es/MemoryRouter.js":{"id":347,"meta":{"harmonyModule":true},"exports":["default"]},"./node_modules/react-router-dom/es/NavLink.js":{"id":348,"meta":{"harmonyModule":true},"exports":["default"]},"./node_modules/react-router-dom/es/Prompt.js":{"id":349,"meta":{"harmonyModule":true},"exports":["default"]},"./node_modules/react-router-dom/es/Redirect.js":{"id":350,"meta":{"harmonyModule":true},"exports":["default"]},"./node_modules/react-router-dom/es/Route.js":{"id":351,"meta":{"harmonyModule":true},"exports":["default"]},"./node_modules/react-router-dom/es/Router.js":{"id":352,"meta":{"harmonyModule":true},"exports":["default"]},"./node_modules/react-router-dom/es/StaticRouter.js":{"id":353,"meta":{"harmonyModule":true},"exports":["default"]},"./node_modules/react-router-dom/es/Switch.js":{"id":354,"meta":{"harmonyModule":true},"exports":["default"]},"./node_modules/react-router-dom/es/matchPath.js":{"id":355,"meta":{"harmonyModule":true},"exports":["default"]},"./node_modules/react-router-dom/es/withRouter.js":{"id":356,"meta":{"harmonyModule":true},"exports":["default"]},"./node_modules/react-redux/es/components/Provider.js":{"id":357,"meta":{"harmonyModule":true},"exports":["createProvider","default"]},"./node_modules/react-redux/es/utils/Subscription.js":{"id":358,"meta":{"harmonyModule":true},"exports":["default"]},"./node_modules/react-redux/es/connect/connect.js":{"id":359,"meta":{"harmonyModule":true},"exports":["createConnect","default"]},"./node_modules/react-redux/es/utils/shallowEqual.js":{"id":360,"meta":{"harmonyModule":true},"exports":["default"]},"./node_modules/react-redux/es/connect/mapDispatchToProps.js":{"id":361,"meta":{"harmonyModule":true},"exports":["whenMapDispatchToPropsIsFunction","whenMapDispatchToPropsIsMissing","whenMapDispatchToPropsIsObject","default"]},"./node_modules/lodash-es/_baseGetTag.js":{"id":362,"meta":{"harmonyModule":true},"exports":["default"]},"./node_modules/lodash-es/_root.js":{"id":363,"meta":{"harmonyModule":true},"exports":["default"]},"./node_modules/lodash-es/_freeGlobal.js":{"id":364,"meta":{"harmonyModule":true},"exports":["default"]},"./node_modules/lodash-es/_getRawTag.js":{"id":365,"meta":{"harmonyModule":true},"exports":["default"]},"./node_modules/lodash-es/_objectToString.js":{"id":366,"meta":{"harmonyModule":true},"exports":["default"]},"./node_modules/lodash-es/_getPrototype.js":{"id":367,"meta":{"harmonyModule":true},"exports":["default"]},"./node_modules/lodash-es/_overArg.js":{"id":368,"meta":{"harmonyModule":true},"exports":["default"]},"./node_modules/lodash-es/isObjectLike.js":{"id":369,"meta":{"harmonyModule":true},"exports":["default"]},"./node_modules/symbol-observable/lib/index.js":{"id":370,"meta":{}},"./node_modules/symbol-observable/lib/ponyfill.js":{"id":371,"meta":{}},"./node_modules/redux/es/combineReducers.js":{"id":372,"meta":{"harmonyModule":true},"exports":["default"]},"./node_modules/redux/es/bindActionCreators.js":{"id":373,"meta":{"harmonyModule":true},"exports":["default"]},"./node_modules/redux/es/applyMiddleware.js":{"id":374,"meta":{"harmonyModule":true},"exports":["default"]},"./node_modules/react-redux/es/connect/mapStateToProps.js":{"id":375,"meta":{"harmonyModule":true},"exports":["whenMapStateToPropsIsFunction","whenMapStateToPropsIsMissing","default"]},"./node_modules/react-redux/es/connect/mergeProps.js":{"id":376,"meta":{"harmonyModule":true},"exports":["defaultMergeProps","wrapMergePropsFunc","whenMergePropsIsFunction","whenMergePropsIsOmitted","default"]},"./node_modules/react-redux/es/connect/selectorFactory.js":{"id":377,"meta":{"harmonyModule":true},"exports":["impureFinalPropsSelectorFactory","pureFinalPropsSelectorFactory","default"]},"./node_modules/react-redux/es/connect/verifySubselectors.js":{"id":378,"meta":{"harmonyModule":true},"exports":["default"]},"./node_modules/react-router-redux/es/index.js":{"id":379,"meta":{"harmonyModule":true},"exports":["ConnectedRouter","LOCATION_CHANGE","routerReducer","CALL_HISTORY_METHOD","push","replace","go","goBack","goForward","routerActions","routerMiddleware"]},"./node_modules/react-router-redux/es/ConnectedRouter.js":{"id":380,"meta":{"harmonyModule":true},"exports":["default"]},"./node_modules/react-router-redux/es/middleware.js":{"id":381,"meta":{"harmonyModule":true},"exports":["default"]},"./node_modules/react-hot-loader/index.js":{"id":382,"meta":{}},"./node_modules/react-hot-loader/lib/index.js":{"id":383,"meta":{}},"./node_modules/react-hot-loader/lib/index.prod.js":{"id":384,"meta":{}},"./node_modules/react-hot-loader/lib/AppContainer.prod.js":{"id":385,"meta":{}},"./node_modules/react-hot-loader/lib/AppContainer.dev.js":{"id":386,"meta":{}},"./node_modules/react-deep-force-update/lib/index.js":{"id":387,"meta":{}},"./node_modules/redbox-react/lib/index.js":{"id":388,"meta":{}},"./node_modules/redbox-react/lib/style.js":{"id":389,"meta":{}},"./node_modules/error-stack-parser/error-stack-parser.js":{"id":390,"meta":{}},"./node_modules/stackframe/stackframe.js":{"id":391,"meta":{}},"./node_modules/redbox-react/lib/lib.js":{"id":392,"meta":{}},"./node_modules/sourcemapped-stacktrace/dist/sourcemapped-stacktrace.js":{"id":393,"meta":{}},"./node_modules/react-hot-loader/lib/index.dev.js":{"id":394,"meta":{}},"./node_modules/lodash/difference.js":{"id":395,"meta":{}},"./node_modules/lodash/_baseDifference.js":{"id":396,"meta":{}},"./node_modules/lodash/_mapCacheClear.js":{"id":397,"meta":{}},"./node_modules/lodash/_Hash.js":{"id":398,"meta":{}},"./node_modules/lodash/_hashClear.js":{"id":399,"meta":{}},"./node_modules/lodash/_baseIsNative.js":{"id":400,"meta":{}},"./node_modules/lodash/_getRawTag.js":{"id":401,"meta":{}},"./node_modules/lodash/_objectToString.js":{"id":402,"meta":{}},"./node_modules/lodash/_isMasked.js":{"id":403,"meta":{}},"./node_modules/lodash/_coreJsData.js":{"id":404,"meta":{}},"./node_modules/lodash/_getValue.js":{"id":405,"meta":{}},"./node_modules/lodash/_hashDelete.js":{"id":406,"meta":{}},"./node_modules/lodash/_hashGet.js":{"id":407,"meta":{}},"./node_modules/lodash/_hashHas.js":{"id":408,"meta":{}},"./node_modules/lodash/_hashSet.js":{"id":409,"meta":{}},"./node_modules/lodash/_listCacheClear.js":{"id":410,"meta":{}},"./node_modules/lodash/_listCacheDelete.js":{"id":411,"meta":{}},"./node_modules/lodash/_listCacheGet.js":{"id":412,"meta":{}},"./node_modules/lodash/_listCacheHas.js":{"id":413,"meta":{}},"./node_modules/lodash/_listCacheSet.js":{"id":414,"meta":{}},"./node_modules/lodash/_mapCacheDelete.js":{"id":415,"meta":{}},"./node_modules/lodash/_isKeyable.js":{"id":416,"meta":{}},"./node_modules/lodash/_mapCacheGet.js":{"id":417,"meta":{}},"./node_modules/lodash/_mapCacheHas.js":{"id":418,"meta":{}},"./node_modules/lodash/_mapCacheSet.js":{"id":419,"meta":{}},"./node_modules/lodash/_setCacheAdd.js":{"id":420,"meta":{}},"./node_modules/lodash/_setCacheHas.js":{"id":421,"meta":{}},"./node_modules/lodash/_baseIndexOf.js":{"id":422,"meta":{}},"./node_modules/lodash/_baseFindIndex.js":{"id":423,"meta":{}},"./node_modules/lodash/_baseIsNaN.js":{"id":424,"meta":{}},"./node_modules/lodash/_strictIndexOf.js":{"id":425,"meta":{}},"./node_modules/lodash/_isFlattenable.js":{"id":426,"meta":{}},"./node_modules/lodash/_baseIsArguments.js":{"id":427,"meta":{}},"./node_modules/lodash/_overRest.js":{"id":428,"meta":{}},"./node_modules/lodash/_apply.js":{"id":429,"meta":{}},"./node_modules/lodash/_setToString.js":{"id":430,"meta":{}},"./node_modules/lodash/_baseSetToString.js":{"id":431,"meta":{}},"./node_modules/lodash/constant.js":{"id":432,"meta":{}},"./node_modules/lodash/_shortOut.js":{"id":433,"meta":{}},"./node_modules/lodash/union.js":{"id":434,"meta":{}},"./node_modules/lodash/_baseUniq.js":{"id":435,"meta":{}},"./node_modules/lodash/_createSet.js":{"id":436,"meta":{}},"./node_modules/lodash/noop.js":{"id":437,"meta":{}},"./node_modules/lodash/isPlainObject.js":{"id":438,"meta":{}},"./node_modules/lodash/_getPrototype.js":{"id":439,"meta":{}},"./node_modules/redux-devtools/lib/persistState.js":{"id":440,"meta":{}},"./node_modules/lodash/mapValues.js":{"id":441,"meta":{}},"./node_modules/lodash/_baseAssignValue.js":{"id":442,"meta":{}},"./node_modules/lodash/_baseForOwn.js":{"id":443,"meta":{}},"./node_modules/lodash/_baseFor.js":{"id":444,"meta":{}},"./node_modules/lodash/_createBaseFor.js":{"id":445,"meta":{}},"./node_modules/lodash/_arrayLikeKeys.js":{"id":446,"meta":{}},"./node_modules/lodash/_baseTimes.js":{"id":447,"meta":{}},"./node_modules/lodash/stubFalse.js":{"id":448,"meta":{}},"./node_modules/lodash/_baseIsTypedArray.js":{"id":449,"meta":{}},"./node_modules/lodash/_nodeUtil.js":{"id":450,"meta":{}},"./node_modules/lodash/_baseKeys.js":{"id":451,"meta":{}},"./node_modules/lodash/_isPrototype.js":{"id":452,"meta":{}},"./node_modules/lodash/_nativeKeys.js":{"id":453,"meta":{}},"./node_modules/lodash/_baseIteratee.js":{"id":454,"meta":{}},"./node_modules/lodash/_baseMatches.js":{"id":455,"meta":{}},"./node_modules/lodash/_baseIsMatch.js":{"id":456,"meta":{}},"./node_modules/lodash/_stackClear.js":{"id":457,"meta":{}},"./node_modules/lodash/_stackDelete.js":{"id":458,"meta":{}},"./node_modules/lodash/_stackGet.js":{"id":459,"meta":{}},"./node_modules/lodash/_stackHas.js":{"id":460,"meta":{}},"./node_modules/lodash/_stackSet.js":{"id":461,"meta":{}},"./node_modules/lodash/_baseIsEqualDeep.js":{"id":462,"meta":{}},"./node_modules/lodash/_arraySome.js":{"id":463,"meta":{}},"./node_modules/lodash/_equalByTag.js":{"id":464,"meta":{}},"./node_modules/lodash/_Uint8Array.js":{"id":465,"meta":{}},"./node_modules/lodash/_mapToArray.js":{"id":466,"meta":{}},"./node_modules/lodash/_equalObjects.js":{"id":467,"meta":{}},"./node_modules/lodash/_getAllKeys.js":{"id":468,"meta":{}},"./node_modules/lodash/_baseGetAllKeys.js":{"id":469,"meta":{}},"./node_modules/lodash/_getSymbols.js":{"id":470,"meta":{}},"./node_modules/lodash/_arrayFilter.js":{"id":471,"meta":{}},"./node_modules/lodash/stubArray.js":{"id":472,"meta":{}},"./node_modules/lodash/_getTag.js":{"id":473,"meta":{}},"./node_modules/lodash/_DataView.js":{"id":474,"meta":{}},"./node_modules/lodash/_Promise.js":{"id":475,"meta":{}},"./node_modules/lodash/_WeakMap.js":{"id":476,"meta":{}},"./node_modules/lodash/_getMatchData.js":{"id":477,"meta":{}},"./node_modules/lodash/_baseMatchesProperty.js":{"id":478,"meta":{}},"./node_modules/lodash/get.js":{"id":479,"meta":{}},"./node_modules/lodash/_stringToPath.js":{"id":480,"meta":{}},"./node_modules/lodash/_memoizeCapped.js":{"id":481,"meta":{}},"./node_modules/lodash/memoize.js":{"id":482,"meta":{}},"./node_modules/lodash/toString.js":{"id":483,"meta":{}},"./node_modules/lodash/_baseToString.js":{"id":484,"meta":{}},"./node_modules/lodash/hasIn.js":{"id":485,"meta":{}},"./node_modules/lodash/_baseHasIn.js":{"id":486,"meta":{}},"./node_modules/lodash/_hasPath.js":{"id":487,"meta":{}},"./node_modules/lodash/property.js":{"id":488,"meta":{}},"./node_modules/lodash/_baseProperty.js":{"id":489,"meta":{}},"./node_modules/lodash/_basePropertyDeep.js":{"id":490,"meta":{}},"./node_modules/redux-devtools/lib/createDevTools.js":{"id":491,"meta":{}},"./node_modules/redux-devtools-dock-monitor/lib/index.js":{"id":492,"meta":{}},"./node_modules/redux-devtools-dock-monitor/lib/DockMonitor.js":{"id":493,"meta":{}},"./node_modules/react-dock/lib/index.js":{"id":494,"meta":{}},"./node_modules/react-dock/lib/Dock.js":{"id":495,"meta":{}},"./node_modules/react-dock/node_modules/lodash.debounce/index.js":{"id":496,"meta":{}},"./node_modules/lodash._getnative/index.js":{"id":497,"meta":{}},"./node_modules/react-dock/lib/autoprefix.js":{"id":498,"meta":{}},"./node_modules/redux-devtools-dock-monitor/lib/reducers.js":{"id":499,"meta":{}},"./node_modules/parse-key/parse-key.js":{"id":500,"meta":{}},"./node_modules/parse-key/keycodes.js":{"id":501,"meta":{}},"./node_modules/redux-devtools-log-monitor/lib/index.js":{"id":502,"meta":{}},"./node_modules/redux-devtools-log-monitor/lib/LogMonitor.js":{"id":503,"meta":{}},"./node_modules/react-pure-render/shallowEqual.js":{"id":504,"meta":{}},"./node_modules/redux-devtools-themes/lib/index.js":{"id":505,"meta":{}},"./node_modules/base16/lib/threezerotwofour.js":{"id":506,"meta":{}},"./node_modules/base16/lib/apathy.js":{"id":507,"meta":{}},"./node_modules/base16/lib/ashes.js":{"id":508,"meta":{}},"./node_modules/base16/lib/atelier-dune.js":{"id":509,"meta":{}},"./node_modules/base16/lib/atelier-forest.js":{"id":510,"meta":{}},"./node_modules/base16/lib/atelier-heath.js":{"id":511,"meta":{}},"./node_modules/base16/lib/atelier-lakeside.js":{"id":512,"meta":{}},"./node_modules/base16/lib/atelier-seaside.js":{"id":513,"meta":{}},"./node_modules/base16/lib/bespin.js":{"id":514,"meta":{}},"./node_modules/base16/lib/brewer.js":{"id":515,"meta":{}},"./node_modules/base16/lib/bright.js":{"id":516,"meta":{}},"./node_modules/base16/lib/chalk.js":{"id":517,"meta":{}},"./node_modules/base16/lib/codeschool.js":{"id":518,"meta":{}},"./node_modules/base16/lib/colors.js":{"id":519,"meta":{}},"./node_modules/base16/lib/default.js":{"id":520,"meta":{}},"./node_modules/base16/lib/eighties.js":{"id":521,"meta":{}},"./node_modules/base16/lib/embers.js":{"id":522,"meta":{}},"./node_modules/base16/lib/flat.js":{"id":523,"meta":{}},"./node_modules/base16/lib/google.js":{"id":524,"meta":{}},"./node_modules/base16/lib/grayscale.js":{"id":525,"meta":{}},"./node_modules/base16/lib/greenscreen.js":{"id":526,"meta":{}},"./node_modules/base16/lib/harmonic.js":{"id":527,"meta":{}},"./node_modules/base16/lib/hopscotch.js":{"id":528,"meta":{}},"./node_modules/base16/lib/isotope.js":{"id":529,"meta":{}},"./node_modules/base16/lib/marrakesh.js":{"id":530,"meta":{}},"./node_modules/base16/lib/mocha.js":{"id":531,"meta":{}},"./node_modules/base16/lib/monokai.js":{"id":532,"meta":{}},"./node_modules/base16/lib/ocean.js":{"id":533,"meta":{}},"./node_modules/base16/lib/paraiso.js":{"id":534,"meta":{}},"./node_modules/base16/lib/pop.js":{"id":535,"meta":{}},"./node_modules/base16/lib/railscasts.js":{"id":536,"meta":{}},"./node_modules/base16/lib/shapeshifter.js":{"id":537,"meta":{}},"./node_modules/base16/lib/solarized.js":{"id":538,"meta":{}},"./node_modules/base16/lib/summerfruit.js":{"id":539,"meta":{}},"./node_modules/base16/lib/tomorrow.js":{"id":540,"meta":{}},"./node_modules/base16/lib/tube.js":{"id":541,"meta":{}},"./node_modules/base16/lib/twilight.js":{"id":542,"meta":{}},"./node_modules/redux-devtools-themes/lib/nicinabox.js":{"id":543,"meta":{}},"./node_modules/redux-devtools-log-monitor/lib/reducers.js":{"id":544,"meta":{}},"./node_modules/redux-devtools-log-monitor/lib/LogMonitorButtonBar.js":{"id":545,"meta":{}},"./node_modules/redux-devtools-log-monitor/lib/LogMonitorButton.js":{"id":546,"meta":{}},"./node_modules/redux-devtools-log-monitor/lib/brighten.js":{"id":547,"meta":{}},"./node_modules/redux-devtools-log-monitor/lib/LogMonitorEntryList.js":{"id":548,"meta":{}},"./node_modules/redux-devtools-log-monitor/lib/LogMonitorEntry.js":{"id":549,"meta":{}},"./node_modules/core-js/library/fn/symbol/iterator.js":{"id":550,"meta":{}},"./node_modules/core-js/library/modules/_string-at.js":{"id":551,"meta":{}},"./node_modules/core-js/library/modules/_a-function.js":{"id":552,"meta":{}},"./node_modules/core-js/library/modules/_iter-create.js":{"id":553,"meta":{}},"./node_modules/core-js/library/modules/_object-dps.js":{"id":554,"meta":{}},"./node_modules/core-js/library/modules/_array-includes.js":{"id":555,"meta":{}},"./node_modules/core-js/library/modules/_to-length.js":{"id":556,"meta":{}},"./node_modules/core-js/library/modules/_to-index.js":{"id":557,"meta":{}},"./node_modules/core-js/library/modules/_html.js":{"id":558,"meta":{}},"./node_modules/core-js/library/modules/_object-gpo.js":{"id":559,"meta":{}},"./node_modules/core-js/library/modules/es6.array.iterator.js":{"id":560,"meta":{}},"./node_modules/core-js/library/modules/_add-to-unscopables.js":{"id":561,"meta":{}},"./node_modules/core-js/library/modules/_iter-step.js":{"id":562,"meta":{}},"./node_modules/babel-runtime/core-js/symbol.js":{"id":563,"meta":{}},"./node_modules/core-js/library/fn/symbol/index.js":{"id":564,"meta":{}},"./node_modules/core-js/library/modules/es6.symbol.js":{"id":565,"meta":{}},"./node_modules/core-js/library/modules/_meta.js":{"id":566,"meta":{}},"./node_modules/core-js/library/modules/_keyof.js":{"id":567,"meta":{}},"./node_modules/core-js/library/modules/_enum-keys.js":{"id":568,"meta":{}},"./node_modules/core-js/library/modules/_is-array.js":{"id":569,"meta":{}},"./node_modules/core-js/library/modules/es6.object.to-string.js":{"id":570,"meta":{}},"./node_modules/core-js/library/modules/es7.symbol.async-iterator.js":{"id":571,"meta":{}},"./node_modules/core-js/library/modules/es7.symbol.observable.js":{"id":572,"meta":{}},"./node_modules/babel-runtime/core-js/object/set-prototype-of.js":{"id":573,"meta":{}},"./node_modules/core-js/library/fn/object/set-prototype-of.js":{"id":574,"meta":{}},"./node_modules/core-js/library/modules/es6.object.set-prototype-of.js":{"id":575,"meta":{}},"./node_modules/core-js/library/modules/_set-proto.js":{"id":576,"meta":{}},"./node_modules/babel-runtime/core-js/object/create.js":{"id":577,"meta":{}},"./node_modules/core-js/library/fn/object/create.js":{"id":578,"meta":{}},"./node_modules/core-js/library/modules/es6.object.create.js":{"id":579,"meta":{}},"./node_modules/babel-runtime/core-js/object/assign.js":{"id":580,"meta":{}},"./node_modules/core-js/library/fn/object/assign.js":{"id":581,"meta":{}},"./node_modules/core-js/library/modules/es6.object.assign.js":{"id":582,"meta":{}},"./node_modules/core-js/library/modules/_object-assign.js":{"id":583,"meta":{}},"./node_modules/core-js/library/fn/object/keys.js":{"id":584,"meta":{}},"./node_modules/core-js/library/modules/es6.object.keys.js":{"id":585,"meta":{}},"./node_modules/react-json-tree/lib/objType.js":{"id":586,"meta":{}},"./node_modules/react-json-tree/lib/JSONObjectNode.js":{"id":587,"meta":{}},"./node_modules/core-js/library/fn/object/get-own-property-names.js":{"id":588,"meta":{}},"./node_modules/core-js/library/modules/es6.object.get-own-property-names.js":{"id":589,"meta":{}},"./node_modules/react-json-tree/lib/getCollectionEntries.js":{"id":590,"meta":{}},"./node_modules/core-js/library/fn/get-iterator.js":{"id":591,"meta":{}},"./node_modules/core-js/library/modules/core.get-iterator.js":{"id":592,"meta":{}},"./node_modules/core-js/library/modules/core.get-iterator-method.js":{"id":593,"meta":{}},"./node_modules/react-json-tree/lib/ItemRange.js":{"id":594,"meta":{}},"./node_modules/react-json-tree/lib/JSONArrayNode.js":{"id":595,"meta":{}},"./node_modules/react-json-tree/lib/JSONIterableNode.js":{"id":596,"meta":{}},"./node_modules/babel-runtime/core-js/number/is-safe-integer.js":{"id":597,"meta":{}},"./node_modules/core-js/library/fn/number/is-safe-integer.js":{"id":598,"meta":{}},"./node_modules/core-js/library/modules/es6.number.is-safe-integer.js":{"id":599,"meta":{}},"./node_modules/core-js/library/modules/_is-integer.js":{"id":600,"meta":{}},"./node_modules/react-json-tree/lib/JSONValueNode.js":{"id":601,"meta":{}},"./node_modules/react-json-tree/lib/createStylingFromTheme.js":{"id":602,"meta":{}},"./node_modules/react-json-tree/lib/themes/solarized.js":{"id":603,"meta":{}},"./node_modules/babel-runtime/helpers/slicedToArray.js":{"id":604,"meta":{}},"./node_modules/babel-runtime/core-js/is-iterable.js":{"id":605,"meta":{}},"./node_modules/core-js/library/fn/is-iterable.js":{"id":606,"meta":{}},"./node_modules/core-js/library/modules/core.is-iterable.js":{"id":607,"meta":{}},"./node_modules/lodash.curry/index.js":{"id":608,"meta":{}},"./node_modules/pure-color/convert/rgb2hex.js":{"id":609,"meta":{}},"./node_modules/pure-color/parse/index.js":{"id":610,"meta":{}},"./node_modules/pure-color/parse/hsl.js":{"id":611,"meta":{}},"./node_modules/pure-color/parse/hex.js":{"id":612,"meta":{}},"./node_modules/pure-color/parse/rgb.js":{"id":613,"meta":{}},"./node_modules/pure-color/convert/hsl2rgb.js":{"id":614,"meta":{}},"./node_modules/lodash.flow/index.js":{"id":615,"meta":{}},"./node_modules/react-base16-styling/lib/colorConverters.js":{"id":616,"meta":{}},"./node_modules/redux-devtools-log-monitor/lib/LogMonitorEntryAction.js":{"id":617,"meta":{}},"./node_modules/lodash.debounce/index.js":{"id":618,"meta":{}}}}